governorate,area
Capital,Abu Al Aish
Capital,Abu Buham
Capital,Adhari
Capital,Adliya
Capital,Al Akr Al Sharqi
Capital,Al Belad Al Qadeem
Capital,Al Fatih
Capital,Al Guraifa
Capital,Al Hamriya
Capital,Al Khamiss
Capital,Al Kharjiya
Capital,Al Nasfa
Capital,Al Suqayyah
Capital,Alcornish
Capital,Alnaim
Capital,Alqalla
Capital,Alsalmaniya
Capital,Alseef District
Capital,Alsuwayfia
Capital,Alwajeha Albhariya
Capital,Bu Asheera
Capital,Bu Ghasal
Capital,Bu Ghazal
Capital,Burhama
Capital,Commercial Area
Capital,Daih
Capital,Diplomatic Area
Capital,Gudaibiya
Capital,Hoora
Capital,Isa Town
Capital,Jid Ali
Capital,Jidhafs
Capital,Juffair
Capital,Jurdab
Capital,Karbabad
Capital,Maameer
Capital,Mahaza
Capital,Mahooz
Capital,Manama Center
Capital,Minaa Salman Industrial Area
Capital,Murgoban
Capital,Musala
Capital,Nahib Saleh
Capital,Nurana
Capital,Nuwaydirat
Capital,Qarya
Capital,Qufool
Capital,Ras Ruman
Capital,Salhiya
Capital,Sanabis
Capital,Sanad
Capital,Sitra Industrial Area
Capital,Souq
Capital,Southern Sehla
Capital,Sufala
Capital,Tashan
Capital,Tubli
Capital,Um Albaidh
Capital,Um Alhassam
Capital,Wadyan
Capital,Western Aker
Capital,Zinj
Muharraq,Al Sayh
Muharraq,Amwaj
Muharraq,Arad
Muharraq,Busaiteen
Muharraq,Dair
Muharraq,Galali
Muharraq,Halat Alnaim
Muharraq,Halat Alsulta
Muharraq,Hidd
Muharraq,Muharraq
Muharraq,Samaheej
Northern,Abu Saiba'a
Northern,Al Hajar
Northern,Al Jasra
Northern,Al Lawzi
Northern,Al Muhamadyia
Northern,Al Shakhura
Northern,Aáli
Northern,Bani Jamra
Northern,Barbar
Northern,Budaiya
Northern,Buqwa
Northern,Buri
Northern,Damistan
Northern,Dar Kulaib
Northern,Diraz
Northern,Hamad Town
Northern,Hamala
Northern,Hillat AbdulSaleh
Northern,Hoarat Aáli
Northern,Jabalt Hibshi
Northern,Janabiya
Northern,Jannusan
Northern,Jedah
Northern,Jind Al Haj
Northern,Karana
Northern,Karzakan
Northern,King Fahad Causway
Northern,Magaba
Northern,Malkiya
Northern,Maqsha
Northern,Markh
Northern,New districts
Northern,North City
Northern,Northern City
Northern,Northern Sehla
Northern,Qadam
Northern,Quraya
Northern,Saar
Northern,Sadaq
Northern,Safriya
Northern,Salmabad
Northern,Shahrakan
Northern,Um Al Naasan
Southern,Al Door
Southern,Al Hajyat
Southern,Al Hunaniya
Southern,Al Jaseera
Southern,Al Mamtala
Southern,Al Mazrooeeah
Southern,Al Moaaskar
Southern,Al Omar
Southern,Al Qarah
Southern,Al Qareen
Southern,Al Rawdha
Southern,Al Riffah
Southern,Al Romaitha
Southern,Al Rumamin
Southern,Al Shabak
Southern,Algainah
Southern,Askar
Southern,Awali
Southern,Aáli
Southern,Belaj Al Jazair
Southern,Bu Kuwarah
Southern,Dar Kulaib
Southern,Durrat Al Bahrain
Southern,East Riffa
Southern,Hafeera
Southern,Hawrat Sanad
Southern,Hidd Al Jamal
Southern,Hlaitan
Southern,Horat Anaqa
Southern,Isa Town
Southern,Jari Al Shaikh
Southern,Jaw
Southern,Jazaer Beach
Southern,Juzur Al Dar
Southern,Lhassay
Southern,Maameer
Southern,Mamlahat Al Mamtala
Southern,Mazraa
Southern,New districts
Southern,Nuwaydirat
Southern,Ras Abu Jarjor
Southern,Ras Hayan
Southern,Ras Zuwaid
Southern,Riffa / Albuhair
Southern,Sukhair
Southern,Swayfra
Southern,Trafi
Southern,Um Albaidh
Southern,Um Jadir
Southern,Umm Jidr Al Summan
Southern,Wadi Al Sale
Southern,Wadi Ali
Southern,West Riffa
Southern,Zallaq
Southern,Zayed Town
